-- phpMyAdmin SQL Dump
-- version 3.5.2.2
-- http://www.phpmyadmin.net
--
-- Host: 127.0.0.1
-- Generation Time: Mar 11, 2013 at 10:57 AM
-- Server version: 5.5.27-log
-- PHP Version: 5.4.6

SET SQL_MODE="NO_AUTO_VALUE_ON_ZERO";
SET time_zone = "+00:00";


/*!40101 SET @OLD_CHARACTER_SET_CLIENT=@@CHARACTER_SET_CLIENT */;
/*!40101 SET @OLD_CHARACTER_SET_RESULTS=@@CHARACTER_SET_RESULTS */;
/*!40101 SET @OLD_COLLATION_CONNECTION=@@COLLATION_CONNECTION */;
/*!40101 SET NAMES utf8 */;

--
-- Database: `maisondesprit`
--

-- --------------------------------------------------------

--
-- Table structure for table `artists`
--

DROP TABLE IF EXISTS `artists`;
CREATE TABLE IF NOT EXISTS `artists` (
  `id` int(11) NOT NULL AUTO_INCREMENT,
  `title` varchar(100) NOT NULL DEFAULT '',
  `slug` varchar(100) DEFAULT '',
  `caption` text,
  `description` text,
  `cat_id` int(11) DEFAULT '1',
  `coverImage` varchar(100) DEFAULT '',
  `theOrder` int(11) NOT NULL DEFAULT '0',
  `isActive` tinyint(1) NOT NULL DEFAULT '1',
  PRIMARY KEY (`id`)
) ENGINE=MyISAM  DEFAULT CHARSET=latin1 AUTO_INCREMENT=371 ;

--
-- Dumping data for table `artists`
--

INSERT INTO `artists` (`id`, `title`, `slug`, `caption`, `description`, `cat_id`, `coverImage`, `theOrder`, `isActive`) VALUES
(321, 'Selected Portraiture', 'selected_portraiture', NULL, NULL, 3, 'portraits_thumbnail.jpg', 8, 1),
(322, 'Mary Katrantzou 4', 'mary_katrantzou_SS13', NULL, NULL, 3, 'maryk2013_thumbnail.jpg', 5, 1),
(323, 'Etro Summer 2013', 'etro_2013', NULL, NULL, 3, 'etro2013_thumbnail.jpg', 4, 1),
(325, 'Neiman Marcus 2012', 'neiman_marcus', NULL, NULL, 3, 'neimanmarcus_thumbnail.jpg', 9, 1),
(326, 'Conde Nast Brides', 'conde_nast_brides', NULL, NULL, 3, 'condenastbrides_thumbnail.jpg', 10, 1),
(327, 'Rochas 2012', 'rochas', NULL, NULL, 3, 'rochas_thumbnail.jpg', 11, 1),
(328, 'BMW Europe 2013', 'bmw_europe', NULL, NULL, 3, 'bmw_thumbnail.jpg', 12, 1),
(332, 'Flora', 'flora', NULL, NULL, 3, 'flora_thumbnail.jpg', 0, 1),
(333, 'Mary Katrantzou 2', 'mary_katrantzou_the_surrealist_ideal', NULL, NULL, 3, 'marykatrantzousurrealist_thumbnail.jpg', 14, 1),
(334, 'Belfast 1972-1986', 'belfast', NULL, NULL, 3, 'belfast_thumbnail.jpg', 31, 1),
(335, 'Island og blar Ogilt', 'island_og_blar_ogilt', NULL, NULL, 3, 'island_thumbnail.jpg', 16, 1),
(336, 'Mary Katrantzou 3', 'mary_katrantzou_florals', NULL, NULL, 3, 'marykflorals_thumbnail.jpg', 15, 1),
(338, 'Kenzo 2011', 'kenzo', NULL, NULL, 3, 'kenzo_thumbnail.jpg', 30, 1),
(339, 'Mary Katrantzou 1', 'mary_katrantzou', NULL, NULL, 3, 'maryksurrealplanes_thumbnail.jpg', 13, 1),
(340, 'Felicity Brown 2012', 'felicity_brown', NULL, NULL, 3, 'felicitybrown_thumbnail.jpg', 17, 1),
(341, 'A Return to Giverny', 'a_return_to_giverny', NULL, NULL, 3, 'areturntogiverny_thumbnail.jpg', 21, 1),
(342, 'Artist As Muse Pt. 1', 'artist_as_muse', NULL, NULL, 3, 'artistasmuse1_thumbnail.jpg', 27, 1),
(343, 'Stories from the Sea', 'stories_from_the_sea', NULL, NULL, 3, 'storiesfromthesea_thumbnail.jpg', 39, 1),
(344, 'Tremblant Vielfache', 'tremblant_multiples', NULL, NULL, 3, 'tremblant_thumbnail.jpg', 37, 1),
(345, 'Chisholm, Minnesota', 'chisholm_mn', NULL, NULL, 3, 'chisholm_thumbnail.jpg', 40, 1),
(346, 'Recent Fashion Editorials', 'recent_fashion_editorials', NULL, NULL, 4, 'recent_fashion_editorials.jpg', 999, 0),
(347, 'Selected Work 2007/11', 'selected_fashion_2007_2011', NULL, NULL, 3, 'selectedfashion_thumbnail.jpg', 24, 1),
(348, 'The Metropolitan Opera', 'the_metropolitan_opera', NULL, NULL, 3, 'metropolitanopera_thumbnail.jpg', 36, 1),
(349, 'New York City Ballet', 'the_new_york_city_ballet', NULL, NULL, 3, 'nycballet_thumbnail.jpg', 35, 1),
(350, 'Giambattista Valli', 'giambattista_valli', NULL, NULL, 3, 'giambattistavalli_thumbnail.jpg', 20, 1),
(351, 'Ann Demeulemeester', 'ann_demeulemeester', NULL, NULL, 3, 'anndretrospective_thumbnail.jpg', 26, 1),
(353, 'Haider Ackermann', 'haider_ackermann', NULL, NULL, 3, 'haiderackermann_thumbnail.jpg', 18, 1),
(354, 'Comme des Garcons', 'commedesgarcons', NULL, NULL, 3, 'commedesgarcons_thumbnail.jpg', 32, 1),
(355, 'Undercover 2010', 'undercover', NULL, NULL, 3, 'undercover_thumbnail.jpg', 38, 1),
(356, 'Dries Van Noten 2010', 'dries_van_noten_2010', NULL, NULL, 3, 'driesvannoten1_thumbnail.jpg', 25, 1),
(357, 'Rodarte 2011', 'rodarte_2011', NULL, NULL, 3, 'rodarte_thumbnail.jpg', 19, 1),
(358, 'Etro Homme 2009', 'etrohomme', NULL, NULL, 3, 'etrohomme_thumbnail.jpg', 34, 1),
(359, 'Valentino Couture', 'valentino_couture', NULL, NULL, 3, 'valentinocouture_thumbnail.jpg', 23, 1),
(361, 'Christian Lacroix', 'christian_lacroix_couture', NULL, NULL, 3, 'christianlacroixcouture_thumbnail.jpg', 22, 1),
(362, 'Jean Paul Gaultier', 'jean_paul_gaultier_couture', NULL, NULL, 3, 'jpgcouture_thumbnail.jpg', 33, 1),
(363, 'Time Magazine Style', 'time_magazine', NULL, NULL, 3, 'TIMEmagazine_thumbnail.jpg', 1, 1),
(364, 'Dries Van Noten', 'dries_van_noten', NULL, NULL, 3, 'driesvannoten2_thumbnail.jpg', 2, 1),
(365, 'Alexander McQueen', 'harpers_alexander_mcqueen', NULL, NULL, 3, 'harpersalexandermcqueen_thumbnail.jpg', 3, 1),
(366, 'W Magazine Art Issue', 'w_magazine', NULL, NULL, 3, 'wmagazine_thumbnail.jpg', 6, 1),
(368, 'Artist As Muse Pt. 3', 'artist_as_muse_3', NULL, NULL, 3, 'artistasmuse2_thumbnail.jpg', 29, 1),
(369, 'Artist As Muse Pt. 2', 'artist_as_muse_2', NULL, NULL, 3, 'artistasmuse3_thumbnail.jpg', 28, 1),
(370, 'M / Le Monde Cover', 'm_le_monde', NULL, NULL, 3, 'mlemonde_thumbnail.jpg', 7, 1);

-- --------------------------------------------------------

--
-- Table structure for table `categories`
--

DROP TABLE IF EXISTS `categories`;
CREATE TABLE IF NOT EXISTS `categories` (
  `category_id` int(11) NOT NULL AUTO_INCREMENT,
  `cat_name` varchar(100) NOT NULL DEFAULT '',
  `cat_slug` varchar(100) NOT NULL DEFAULT '',
  `theOrder` int(11) NOT NULL DEFAULT '0',
  `isActive` tinyint(1) NOT NULL DEFAULT '1',
  PRIMARY KEY (`category_id`)
) ENGINE=MyISAM  DEFAULT CHARSET=latin1 AUTO_INCREMENT=29 ;

--
-- Dumping data for table `categories`
--

INSERT INTO `categories` (`category_id`, `cat_name`, `cat_slug`, `theOrder`, `isActive`) VALUES
(3, 'photography', 'recent', 1, 1),
(4, 'films', 'archive', 0, 1);

-- --------------------------------------------------------

--
-- Table structure for table `films`
--

DROP TABLE IF EXISTS `films`;
CREATE TABLE IF NOT EXISTS `films` (
  `id` int(11) NOT NULL AUTO_INCREMENT,
  `title` varchar(255) NOT NULL,
  `slug` varchar(100) DEFAULT NULL,
  `headline` varchar(255) DEFAULT NULL,
  `description` text,
  `date` date DEFAULT NULL,
  `thumbnail` varchar(255) DEFAULT NULL,
  `mp4` varchar(255) DEFAULT NULL,
  `webm` varchar(255) DEFAULT NULL,
  `ogv` varchar(255) DEFAULT NULL,
  `mov` varchar(255) DEFAULT NULL,
  `width` int(11) DEFAULT NULL,
  `height` int(11) DEFAULT NULL,
  `theOrder` int(11) DEFAULT NULL,
  `isActive` tinyint(1) NOT NULL DEFAULT '1',
  `date_added` datetime DEFAULT NULL,
  `date_modified` timestamp NOT NULL DEFAULT CURRENT_TIMESTAMP ON UPDATE CURRENT_TIMESTAMP,
  PRIMARY KEY (`id`)
) ENGINE=InnoDB  DEFAULT CHARSET=latin1 AUTO_INCREMENT=511 ;

--
-- Dumping data for table `films`
--

INSERT INTO `films` (`id`, `title`, `slug`, `headline`, `description`, `date`, `thumbnail`, `mp4`, `webm`, `ogv`, `mov`, `width`, `height`, `theOrder`, `isActive`, `date_added`, `date_modified`) VALUES
(504, 'The End', 'ann_demeulemeester_the_end', 'A film for Ann Demeulemeester', 'Super 8mm transferred to HD by Technicolor\nEdition of 3 DVDs\nOriginally projected onto glass at The Avant GardeDiaries Project Space, New York\n6 Sept. 2012', '2012-09-06', 'the_end.jpg', 'ann-demeulemeester_the-end.mp4', 'ann-demeulemeester_the-end.mov', 'ann-demeulemeester_the-end.ogv', 'ann-demeulemeester_the-end.mov', 640, 472, 1, 1, NULL, '2013-02-20 23:15:49'),
(505, 'A portrait of iris struberger', 'NM-Film-1', 'A film for Neiman Marcus', 'Super 8mm transferred to HD by Technicolor\nEdition of 3 DVDs\nOriginally released as part of ''The Art of Fashion'' 2012 Fall Winter Advertising Campaign', '2012-09-09', 'portrait_of_iris.jpg', 'EMH_AOF_FILM_1_768x432.mp4', 'EMH_AOF_FILM_1_768x432.webm', 'EMH_AOF_FILM_1_768x432.ogv', 'EMH_AOF_FILM_1_768x432.mov', 768, 432, 3, 1, NULL, '2013-02-20 23:15:44'),
(506, 'Technicolor ', 'NM-Film-2', 'A film for Neiman Marcus', 'Super 8mm transferred to HD by Technicolor\nEdition of 3 DVDs\nOriginally released as part of ''The Art of Fashion'' 2012 Fall Winter Advertising Campaign', '2012-09-09', 'technicolor.jpg', 'EMH_AOF_FILM_2_768x432.mp4', 'EMH_AOF_FILM_2_768x432.webm', 'EMH_AOF_FILM_2_768x432.ogv', 'EMH_AOF_FILM_2_768x432.mov', 768, 432, 3, 1, NULL, '2013-02-20 23:15:41'),
(507, 'Falling Backwards', 'NM-Film-3', 'A film for Neiman Marcus', 'Super 8mm transferred to HD by Technicolor\nEdition of 3 DVDs\nOriginally released as part of ''The Art of Fashion'' 2012 Fall Winter Advertising Campaign', '2012-09-09', 'falling_backwards.jpg', 'EMH_AOF_FILM_3_768x432.mp4', 'EMH_AOF_FILM_3_768x432.webm', 'EMH_AOF_FILM_3_768x432.ogv', 'EMH_AOF_FILM_3_1280x720.mov', 768, 432, 4, 1, NULL, '2013-02-20 23:15:39'),
(508, 'Ann Demeulemeester - The Corner', 'ann_demeulemeester_the_corner', '', NULL, '0000-00-00', 'ann_demeulemeester_the_corner.png', 'ann_demeulemeester_the_corner.mp4', 'ann_demeulemeester_the_corner.mov', 'ann_demeulemeester_the_corner.ogv', 'ann_demeulemeester_the_corner.mov', 768, 590, 1, 0, NULL, '2013-02-20 21:39:19'),
(509, '2 minutes, 26 seconds', '2_minutes_26_seconds', 'A film for Ann Demeulemeester', 'Super 8mm transferred to HD by Technicolor\nEdition of 3 DVDs\nOriginally shown on undisclosed wall of a building in south Antwerpen, Belgium during the course of one evening in February 2011.', '2011-01-16', '2_min_26_sec.jpg', 'AD_Low_handbrake.mp4', 'AD_Low_webmvp8.webm', 'AD_Low_theora.ogv', 'AD Low.mov', 768, 576, 2, 1, NULL, '2013-02-20 23:15:34'),
(510, 'Ruslana Korshunova', 'ruslana_korshunova', 'A portrait of the late model', 'Super 8mm transferred to HD by Technicolor\nEdition of 3 DVDs\nThe last film footage of Ruslana before her tragic death, captured 6 hours before her body was found. Rest in Peace.\n', '2008-06-28', 'ruslana.jpg', 'Ruslana_Film.mp4', 'Ruslana_Film.webm', 'Ruslana_Film.ogv', 'Ruslana_Film.mov', 640, 480, 6, 1, NULL, '2013-02-20 23:15:29');

-- --------------------------------------------------------

--
-- Table structure for table `images`
--

DROP TABLE IF EXISTS `images`;
CREATE TABLE IF NOT EXISTS `images` (
  `image_id` int(11) NOT NULL AUTO_INCREMENT,
  `artist_id` int(11) NOT NULL DEFAULT '0',
  `title` varchar(100) DEFAULT '',
  `caption` mediumtext,
  `filename` varchar(255) NOT NULL DEFAULT '',
  `width` int(11) DEFAULT NULL,
  `height` int(11) DEFAULT NULL,
  `slug` varchar(100) NOT NULL DEFAULT '',
  `theOrder` int(11) NOT NULL DEFAULT '0',
  `isActive` tinyint(1) DEFAULT '1',
  PRIMARY KEY (`image_id`)
) ENGINE=MyISAM  DEFAULT CHARSET=latin1 AUTO_INCREMENT=3592 ;

--
-- Dumping data for table `images`
--

INSERT INTO `images` (`image_id`, `artist_id`, `title`, `caption`, `filename`, `width`, `height`, `slug`, `theOrder`, `isActive`) VALUES
(3556, 365, '', NULL, 'mcqueen_1.jpg', 883, 540, 'alexander_mcqueen_1', 2, 1),
(3557, 365, '', NULL, 'mcqueen_2.jpg', 810, 540, 'alexander_mcqueen_2', 1, 1),
(3065, 321, '', 'Mr. Chow and Eva Chow for W Magazine', 'mr-and-mrs-chow.jpg', 334, 500, 'mr-and-mrs-chow-for-W-Magazine', 99, 0),
(3066, 321, '', 'Philip Roth for M Le Magazine du Monde', 'roth.jpg', 407, 500, 'philip-roth', 99, 0),
(3067, 321, '', 'Waris Ahluwalia', 'Waris_01.jpg', 333, 500, 'Waris-Ahluwalia', 2, 1),
(3068, 321, '', 'Taryn Simon for TIME Magazine', 'TarynSimon.jpg', 334, 500, 'Taryn_Simon', 4, 1),
(3069, 321, '', 'Emma Straub for The New York Times Magazine', 'Emma_Straub_for_NYTimes.jpg', 379, 500, 'Emma_Straub', 5, 1),
(3070, 321, '', 'Ravi Coltrane for The New York Times Magazine', 'Coltrane_3114.jpg', 333, 500, 'TRavi-Coltrane', 6, 1),
(3071, 321, '', 'Frank Auerbach for The Times of London', 'Frank_Auerbach_MG_1991.jpg', 333, 500, 'frank-auerbach', 7, 1),
(3072, 321, '', 'Daphne Guinness for The New Yorker', 'daphneguinness.jpg', 750, 500, 'Daphne_Guinness', 8, 1),
(3073, 321, '', 'Jeremy Grantham for The New York Times Magazine', 'Jeremy_Grantham.jpg', 333, 500, 'Jeremy_Grantham', 9, 1),
(3074, 321, '', 'Carmen Dell''Orefice', 'carmen_8449_final.jpg', 706, 500, 'CarmenDellOrefice', 10, 1),
(3075, 321, '', 'Gerhard Richter', 'portrait2.jpg', 653, 500, 'portrait2', 11, 1),
(3076, 321, '', 'Kiki Smith', 'kikismith.jpg', 330, 500, 'kikismith', 12, 1),
(3077, 321, '', 'Rachel Feinstein', 'portrait5.jpg', 321, 500, 'portrait5', 13, 1),
(3078, 321, 'William Kentridge', 'William Kentridge', 'kentridge.jpg', 364, 500, 'william_kentridge', 14, 1),
(3079, 321, 'Tony Cragg', 'Tony Cragg', 'Tony_Cragg.jpg', 670, 500, 'tony_cragg', 15, 1),
(3080, 321, '', 'John Baldessari', 'baldessari.jpg', 662, 500, 'baldessari', 16, 1),
(3081, 321, '', 'Christian Boltanski', 'cb_01.jpg', 323, 500, 'cb_01', 17, 1),
(3082, 321, '', 'Lawrence Weiner', 'Laurence_Weiner_2.jpg', 333, 500, 'Laurence_Weiner', 18, 1),
(3083, 321, '', 'Steve McQueen', 'portrait1.jpg', 761, 500, 'portrait1', 19, 1),
(3084, 321, '', 'Thomas Struth', 'thomas_struth.jpg', 351, 500, 'thomas_struth', 20, 1),
(3085, 321, '', 'Pierre Huyghe', 'huyghe.jpg', 734, 500, 'huyghe', 21, 1),
(3086, 321, '', 'Marian Goodman', 'mariangoodman.jpg', 323, 500, 'mariangoodman', 22, 1),
(3087, 321, '', 'Rick Owens', 'portrait15.jpg', 771, 500, 'portrait15', 23, 1),
(3454, 353, '', '', 'ha3.jpg', 333, 500, 'ha3', 1, 1),
(3455, 353, '', '', 'ha4.jpg', 333, 500, 'ha4', 2, 1),
(3397, 350, 'Giambattista Valli (2 of 6)', '', 'gv_01.jpg', 750, 500, 'giambattista_valli_01', 2, 1),
(3090, 321, '', 'Deborah Campert', 'portrait3.jpg', 399, 500, 'portrait3', 26, 1),
(3091, 321, '', 'Martin Weinstein', 'portrait7.jpg', 712, 500, 'portrait7', 27, 1),
(3092, 321, '', 'Lewis H. Lapham', 'portrait4.jpg', 557, 500, 'portrait4', 28, 1),
(3093, 321, '', 'Phillip Crangi', 'portrait6.jpg', 408, 500, 'portrait6', 29, 1),
(3094, 321, '', 'Mike and Doug Starn', 'portrait10.jpg', 348, 500, 'portrait10', 30, 1),
(3095, 321, '', 'Pete Rock', 'portrait14.jpg', 766, 500, 'portrait14', 31, 1),
(3096, 322, 'Mary Katrantzou SS13 (1 of 8)', '', 'mary_01.jpg', 329, 500, 'mary_01', 1, 1),
(3097, 322, 'Mary Katrantzou SS13 (2 of 8)', '', 'mary_02.jpg', 244, 500, 'mary_02', 2, 1),
(3098, 322, 'Mary Katrantzou SS13 (3 of 8)', '', 'mary_03.jpg', 331, 500, 'mary_03', 3, 1),
(3099, 322, 'Mary Katrantzou SS13 (4 of 8)', '', 'mary_04.jpg', 258, 500, 'mary_04', 4, 1),
(3100, 322, 'Mary Katrantzou SS13 (5 of 8)', '', 'mary_05.jpg', 332, 500, 'mary_05', 5, 1),
(3101, 322, 'Mary Katrantzou SS13 (6 of 8)', '', 'mary_06.jpg', 334, 500, 'mary_06', 6, 1),
(3102, 322, 'Mary Katrantzou SS13 (7 of 8)', '', 'mary_07.jpg', 361, 500, 'mary_07', 7, 1),
(3103, 322, 'Mary Katrantzou SS13 (8 of 8)', '', 'mary_08.jpg', 296, 500, 'mary_08', 8, 1),
(3104, 323, 'Etro 2013 (1 of 13)', '', 'Etro_00.jpg', 750, 500, 'Etro_00', 4, 1),
(3105, 323, 'Etro 2013 (2 of 13)', '', 'Etro_01.jpg', 334, 500, 'Etro_01', 2, 1),
(3106, 323, 'Etro 2013 (3 of 13)', '', 'Etro_02.jpg', 613, 500, 'Etro_02', 3, 1),
(3107, 323, 'Etro 2013 (4 of 13)', '', 'Etro_03.jpg', 750, 500, 'Etro_03', 1, 1),
(3108, 323, 'Etro 2013 (5 of 13)', '', 'Etro_04.jpg', 750, 500, 'Etro_04', 5, 1),
(3109, 323, 'Etro 2013 (6 of 13)', '', 'Etro_05.jpg', 750, 500, 'Etro_05', 6, 1),
(3110, 323, 'Etro 2013 (7 of 13)', '', 'Etro_06.jpg', 376, 500, 'Etro_06', 7, 1),
(3111, 323, 'Etro 2013 (8 of 13)', '', 'Etro_07.jpg', 750, 500, 'Etro_07', 8, 1),
(3112, 323, 'Etro 2013 (9 of 13)', '', 'Etro_08.jpg', 750, 500, 'Etro_08', 9, 1),
(3113, 323, 'Etro 2013 (10 of 13)', '', 'Etro_09.jpg', 334, 500, 'Etro_09', 10, 1),
(3114, 323, 'Etro 2013 (11 of 13)', '', 'Etro_10.jpg', 703, 500, 'Etro_10', 11, 1),
(3115, 323, 'Etro 2013 (12 of 13)', '', 'Etro_11.jpg', 590, 500, 'Etro_11', 12, 1),
(3116, 323, 'Etro 2013 (13 of 13)', '', 'Etro_12.jpg', 353, 501, 'Etro_12', 13, 1),
(3118, 325, 'The Art of Fashion, Neiman Marcus (1 of 13)', '', 'NM-01.jpg', 334, 500, 'neiman-marcus-1', 1, 1),
(3119, 325, 'The Art of Fashion, Neiman Marcus (2 of 13)', '', 'NM-02.jpg', 334, 500, 'neiman-marcus-2', 2, 1),
(3120, 325, 'The Art of Fashion, Neiman Marcus (3 of 13)', '', 'NM-03.jpg', 427, 500, 'neiman-marcus-3', 3, 1),
(3121, 325, 'The Art of Fashion, Neiman Marcus (4 of 13)', '', 'NM-04.jpg', 390, 500, 'neiman-marcus-4', 4, 1),
(3122, 325, 'The Art of Fashion, Neiman Marcus (5 of 13)', '', 'NM-05.jpg', 413, 500, 'neiman-marcus-5', 5, 1),
(3123, 325, 'The Art of Fashion, Neiman Marcus (6 of 13)', '', 'NM-06.jpg', 334, 500, 'neiman-marcus-6', 6, 1),
(3124, 325, 'The Art of Fashion, Neiman Marcus (7 of 13)', '', 'NM-07.jpg', 380, 500, 'neiman-marcus-7', 7, 1),
(3125, 325, 'The Art of Fashion, Neiman Marcus (8 of 13)', '', 'NM-08.jpg', 420, 500, 'neiman-marcus-8', 8, 1),
(3126, 325, 'The Art of Fashion, Neiman Marcus (9 of 13)', '', 'NM-09.jpg', 750, 500, 'neiman-marcus-9', 9, 1),
(3127, 325, 'The Art of Fashion, Neiman Marcus (10 of 13)', '', 'NM-10.jpg', 334, 500, 'neiman-marcus-10', 10, 1),
(3128, 325, 'The Art of Fashion, Neiman Marcus (11 of 13)', '', 'NM-11.jpg', 424, 500, 'neiman-marcus-11', 11, 1),
(3129, 325, 'The Art of Fashion, Neiman Marcus (12 of 13)', '', 'NM-12.jpg', 334, 500, 'neiman-marcus-12', 12, 1),
(3130, 325, 'The Art of Fashion, Neiman Marcus (13 of 13)', '', 'NM-13.jpg', 750, 500, 'neiman-marcus-13', 13, 1),
(3131, 326, 'Lace Couture, Conde Nast Brides (1 of 7)', '', 'LCCB_01.jpg', 750, 500, 'lace_couture_1', 1, 1),
(3132, 326, 'Lace Couture, Conde Nast Brides (2 of 7)', '', 'LCCB_02.jpg', 334, 500, 'lace_couture_2', 2, 1),
(3133, 326, 'Lace Couture, Conde Nast Brides (3 of 7)', '', 'LCCB_03.jpg', 353, 500, 'lace_couture_3', 3, 1),
(3134, 326, 'Lace Couture, Conde Nast Brides (4 of 7)', '', 'LCCB_04.jpg', 334, 500, 'lace_couture_4', 4, 1),
(3135, 326, 'Lace Couture, Conde Nast Brides (5 of 7)', '', 'LCCB_05.jpg', 354, 500, 'lace_couture_5', 5, 1),
(3136, 326, 'Lace Couture, Conde Nast Brides (1 of 6)', '', 'LCCB_06.jpg', 750, 500, 'lace_couture_6', 6, 1),
(3137, 326, 'Lace Couture, Conde Nast Brides (7 of 7)', '', 'LCCB_07.jpg', 328, 500, 'lace_couture_7', 7, 1),
(3138, 327, 'Rochas (1 of 10)', '', 'rochas_01.jpg', 693, 500, 'rochas-1', 1, 1),
(3139, 327, 'Rochas (2 of 10)', '', 'rochas_02.jpg', 333, 500, 'rochas-2', 2, 1),
(3140, 327, 'Rochas (3 of 10)', '', 'rochas_03.jpg', 500, 500, 'rochas-3', 3, 1),
(3141, 327, 'Rochas (4 of 10)', '', 'rochas_04.jpg', 1000, 500, 'rochas-4', 4, 1),
(3142, 327, 'Rochas (5 of 10)', '', 'rochas_05.jpg', 747, 500, 'rochas-5', 5, 1),
(3143, 327, 'Rochas (6 of 10)', '', 'rochas_06.jpg', 334, 500, 'rochas-6', 6, 1),
(3144, 327, 'Rochas (7 of 10)', '', 'rochas_07.jpg', 335, 500, 'rochas-7', 7, 1),
(3145, 327, 'Rochas (8 of 10)', '', 'rochas_08.jpg', 334, 500, 'rochas-8', 8, 1),
(3146, 327, 'Rochas (9 of 10)', '', 'rochas_09.jpg', 1476, 500, 'rochas-9', 9, 1),
(3147, 327, 'Rochas (10 of 10)', '', 'rochas_10.jpg', 332, 500, 'rochas-10', 10, 1),
(3148, 328, 'BMW Europe 2013 (1 of 12)', '', 'bmw_01.jpg', 750, 500, 'bmw-europe-1', 1, 1),
(3149, 328, 'BMW Europe 2013 (2 of 12)', '', 'bmw_02.jpg', 750, 500, 'bmw-europe-2', 2, 1),
(3150, 328, 'BMW Europe 2013 (3 of 12)', '', 'bmw_03.jpg', 334, 500, 'bmw-europe-3', 3, 1),
(3151, 328, 'BMW Europe 2013 (4 of 12)', '', 'bmw_04.jpg', 750, 500, 'bmw-europe-4', 4, 1),
(3152, 328, 'BMW Europe 2013 (5 of 12)', '', 'bmw_05.jpg', 750, 500, 'bmw-europe-5', 5, 1),
(3153, 328, 'BMW Europe 2013 (6 of 12)', '', 'bmw_06.jpg', 351, 500, 'bmw-europe-6', 6, 1),
(3154, 328, 'BMW Europe 2013 (7 of 12)', '', 'bmw_07.jpg', 750, 500, 'bmw-europe-7', 7, 1),
(3155, 328, 'BMW Europe 2013 (8 of 12)', '', 'bmw_08.jpg', 334, 500, 'bmw-europe-8', 8, 1),
(3156, 328, 'BMW Europe 2013 (9 of 12)', '', 'bmw_09.jpg', 332, 500, 'bmw-europe-9', 9, 1),
(3157, 328, 'BMW Europe 2013 (10 of 12)', '', 'bmw_10.jpg', 334, 500, 'bmw-europe-10', 10, 1),
(3158, 328, 'BMW Europe 2013 (11 of 12)', '', 'bmw_11.jpg', 334, 500, 'bmw-europe-11', 11, 1),
(3159, 328, 'BMW Europe 2013 (12 of 12)', '', 'bmw_12.jpg', 334, 501, 'bmw-europe-12', 12, 1),
(3163, 332, 'Flora (1 of 11)', '', 'Flora_001.jpg', 353, 500, 'flora_1', 1, 1),
(3164, 332, 'Flora (2 of 11)', '', 'Flora_002.jpg', 630, 500, 'flora_2', 2, 1),
(3165, 332, 'Flora (3 of 11)', '', 'Flora_003.jpg', 456, 500, 'flora_3', 3, 1),
(3166, 332, 'Flora (4 of 11)', '', 'Flora_004.jpg', 750, 500, 'flora_4', 4, 1),
(3167, 332, 'Flora (5 of 11)', '', 'Flora_005.jpg', 546, 500, 'flora_5', 5, 1),
(3168, 332, 'Flora (6 of 11)', '', 'Flora_006.jpg', 750, 500, 'flora_6', 6, 1),
(3169, 332, 'Flora (7 of 11)', '', 'Flora_007.jpg', 878, 500, 'flora_7', 7, 1),
(3170, 332, 'Flora (8 of 11)', '', 'Flora_008.jpg', 1141, 500, 'flora_8', 8, 1),
(3171, 332, 'Flora (9 of 11)', '', 'Flora_009.jpg', 333, 500, 'flora_9', 9, 1),
(3172, 332, 'Flora (10 of 11)', '', 'Flora_0010.jpg', 306, 500, 'flora_11', 10, 1),
(3173, 332, 'Flora (11 of 11)', '', 'Flora_0011.jpg', 333, 500, 'flora_10', 11, 1),
(3174, 333, 'Mary Katrantzou the Surrealist Ideal (1 of 11)', '', 'mk_01.jpg', 750, 500, 'surrealist_ideal_1', 1, 1),
(3175, 333, 'Mary Katrantzou the Surrealist Ideal (2 of 11)', '', 'mk_02.jpg', 333, 500, 'surrealist_ideal_2', 2, 1),
(3176, 333, 'Mary Katrantzou the Surrealist Ideal (3 of 11)', '', 'mk_03.jpg', 589, 500, 'surrealist_ideal_3', 3, 1),
(3177, 333, 'Mary Katrantzou the Surrealist Ideal (4 of 11)', '', 'mk_04.jpg', 333, 500, 'surrealist_ideal_4', 4, 1),
(3178, 333, 'Mary Katrantzou the Surrealist Ideal (5 of 11)', '', 'mk_05.jpg', 873, 500, 'surrealist_ideal_5', 5, 1),
(3179, 333, 'Mary Katrantzou the Surrealist Ideal (6 of 11)', '', 'mk_06.jpg', 359, 500, 'surrealist_ideal_6', 6, 1),
(3180, 333, 'Mary Katrantzou the Surrealist Ideal (7 of 11)', '', 'mk_07.jpg', 333, 500, 'surrealist_ideal_7', 7, 1),
(3181, 333, 'Mary Katrantzou the Surrealist Ideal (8 of 11)', '', 'mk_08.jpg', 750, 500, 'surrealist_ideal_8', 8, 1),
(3182, 333, 'Mary Katrantzou the Surrealist Ideal (9 of 11)', '', 'mk_09.jpg', 453, 500, 'surrealist_ideal_9', 9, 1),
(3183, 333, 'Mary Katrantzou the Surrealist Ideal (10 of 11)', '', 'mk_10.jpg', 333, 500, 'surrealist_ideal_10', 10, 1),
(3184, 333, 'Mary Katrantzou the Surrealist Ideal (11 of 11)', '', 'mk_11.jpg', 1950, 500, 'surrealist_ideal_11', 11, 1),
(3185, 334, '', '', 'Belfast_cover.jpg', 762, 500, 'Belfast_cover', 1, 1),
(3186, 334, '', '', 'belfast_01.jpg', 648, 500, 'belfast_01', 2, 1),
(3187, 334, '', '', 'belfast_02.jpg', 652, 500, 'belfast_02', 3, 1),
(3188, 334, '', '', 'belfast_03.jpg', 649, 500, 'belfast_03', 4, 1),
(3189, 334, '', '', 'belfast_04.jpg', 647, 500, 'belfast_04', 5, 1),
(3190, 334, '', '', 'belfast_05.jpg', 646, 500, 'belfast_05', 6, 1),
(3191, 334, '', '', 'belfast_06.jpg', 647, 500, 'belfast_06', 7, 1),
(3192, 334, '', '', 'belfast_07.jpg', 646, 500, 'belfast_07', 8, 1),
(3193, 334, '', '', 'belfast_08.jpg', 650, 500, 'belfast_08', 9, 1),
(3194, 334, '', '', 'belfast_09.jpg', 652, 500, 'belfast_09', 10, 1),
(3195, 334, '', '', 'belfast_10.jpg', 649, 500, 'belfast_10', 11, 1),
(3196, 334, '', '', 'belfast_11.jpg', 473, 500, 'belfast_11', 12, 1),
(3197, 334, '', '', 'belfast_12.jpg', 647, 500, 'belfast_12', 13, 1),
(3198, 334, '', '', 'belfast_13.jpg', 657, 500, 'belfast_13', 14, 1),
(3199, 334, '', '', 'belfast_14.jpg', 656, 500, 'belfast_14', 15, 1),
(3200, 334, '', '', 'belfast_15.jpg', 650, 500, 'belfast_15', 16, 1),
(3201, 335, '', '', 'Iceland_01.jpg', 378, 500, 'island_og_blar_ogilt_1', 1, 1),
(3202, 335, '', '', 'Iceland_02.jpg', 333, 500, 'island_og_blar_ogilt_2', 2, 1),
(3203, 335, '', '', 'Iceland_03.jpg', 750, 500, 'island_og_blar_ogilt_3', 3, 1),
(3204, 335, '', '', 'Iceland_04.jpg', 333, 500, 'island_og_blar_ogilt_4', 4, 1),
(3205, 335, '', '', 'Iceland_05.jpg', 333, 500, 'island_og_blar_ogilt_5', 5, 1),
(3206, 335, '', '', 'Iceland_06.jpg', 750, 500, 'island_og_blar_ogilt_6', 6, 1),
(3207, 335, '', '', 'Iceland_07.jpg', 750, 500, 'island_og_blar_ogilt_7', 7, 1),
(3208, 335, '', '', 'Iceland_08.jpg', 333, 500, 'island_og_blar_ogilt_8', 8, 1),
(3209, 335, '', '', 'Iceland_09.jpg', 333, 500, 'island_og_blar_ogilt_9', 9, 1),
(3210, 335, '', '', 'Iceland_10.jpg', 750, 500, 'island_og_blar_ogilt_10', 10, 1),
(3211, 335, '', '', 'Iceland_11.jpg', 333, 500, 'island_og_blar_ogilt_11', 11, 1),
(3212, 335, '', '', 'Iceland_12.jpg', 333, 500, 'island_og_blar_ogilt_12', 12, 1),
(3213, 336, '', '', 'mary1.jpg', 750, 500, 'mary_katrantzou_1', 1, 1),
(3214, 336, '', '', 'mary2.jpg', 333, 500, 'mary_katrantzou_2', 2, 1),
(3215, 336, '', '', 'mary3.jpg', 333, 500, 'mary_katrantzou_3', 3, 1),
(3216, 336, '', '', 'mary4.jpg', 333, 500, 'mary_katrantzou_4', 4, 1),
(3217, 336, '', '', 'mary5.jpg', 378, 500, 'mary_katrantzou_5', 5, 1),
(3218, 336, '', '', 'mary6.jpg', 333, 500, 'mary_katrantzou_6', 6, 1),
(3219, 336, '', '', 'mary7.jpg', 333, 500, 'mary_katrantzou_7', 7, 1),
(3220, 336, '', '', 'mary8.jpg', 635, 500, 'mary_katrantzou_8', 8, 1),
(3222, 338, '', '', 'kenzo_01.jpg', 750, 500, 'kenzo_01', 1, 1),
(3223, 338, '', '', 'kenzo_02.jpg', 333, 500, 'kenzo_02', 2, 1),
(3224, 338, '', '', 'kenzo_03.jpg', 750, 500, 'kenzo_03', 3, 1),
(3225, 338, '', '', 'kenzo_04.jpg', 750, 500, 'kenzo_04', 4, 1),
(3226, 338, '', '', 'kenzo_05.jpg', 375, 500, 'kenzo_05', 5, 1),
(3227, 338, '', '', 'kenzo_06.jpg', 750, 500, 'kenzo_06', 6, 1),
(3228, 338, '', '', 'kenzo_07.jpg', 333, 500, 'kenzo_07', 7, 1),
(3229, 338, '', '', 'kenzo_08.jpg', 750, 500, 'kenzo_08', 8, 1),
(3230, 338, '', '', 'kenzo_09.jpg', 333, 500, 'kenzo_09', 9, 1),
(3231, 338, '', '', 'kenzo_10.jpg', 750, 500, 'kenzo_10', 10, 1),
(3232, 338, '', '', 'kenzo_11.jpg', 750, 500, 'kenzo_11', 11, 1),
(3233, 338, '', '', 'kenzo_12.jpg', 333, 500, 'kenzo_12', 12, 1),
(3234, 338, '', '', 'kenzo_13.jpg', 333, 500, 'kenzo_13', 13, 1),
(3235, 338, '', '', 'kenzo_14.jpg', 750, 500, 'kenzo_14', 14, 1),
(3236, 338, '', '', 'kenzo_15.jpg', 333, 500, 'kenzo_15', 15, 1),
(3237, 338, '', '', 'kenzo_16.jpg', 750, 500, 'kenzo16', 16, 1),
(3238, 338, '', '', 'kenzo_17.jpg', 750, 500, 'kenzo17', 17, 1),
(3239, 339, 'Mary Katrantzou (Image 1)', '', 'maryk1.jpg', 430, 500, 'maryk1', 1, 1),
(3240, 339, 'Mary Katrantzou (Image 2)', '', 'maryk2.jpg', 333, 500, 'maryk2', 2, 1),
(3241, 339, 'Mary Katrantzou (Image 3)', '', 'maryk3.jpg', 750, 500, 'maryk3', 3, 1),
(3242, 339, 'Mary Katrantzou (Image 4)', '', 'maryk4.jpg', 750, 500, 'maryk4', 4, 1),
(3243, 339, 'Mary Katrantzou (Image 5)', '', 'maryk5.jpg', 750, 500, 'maryk5', 5, 1),
(3244, 339, 'Mary Katrantzou (Image 6)', '', 'maryk6.jpg', 333, 500, 'maryk6', 6, 1),
(3245, 339, 'Mary Katrantzou (Image 7)', '', 'maryk7.jpg', 750, 500, 'maryk7', 7, 1),
(3246, 339, 'Mary Katrantzou (Image 8)', '', 'maryk8.jpg', 333, 500, 'maryk8', 8, 1),
(3247, 339, 'Mary Katrantzou (Image 9)', '', 'maryk9.jpg', 756, 500, 'maryk9', 9, 1),
(3248, 339, 'Mary Katrantzou (Image 10)', '', 'maryk10.jpg', 564, 500, 'maryk10', 10, 1),
(3249, 339, 'Mary Katrantzou (Image 11)', '', 'maryk11.jpg', 750, 500, 'maryk11', 11, 1),
(3250, 340, 'Image 1', '', 'fb1.jpg', 633, 500, 'fb1', 1, 1),
(3251, 340, 'Image 2', '', 'fb2.jpg', 430, 500, 'fb2', 2, 1),
(3252, 340, 'Image 3', '', 'fb3.jpg', 284, 500, 'fb3', 3, 1),
(3253, 340, 'Image 4', '', 'fb4.jpg', 365, 501, 'fb4', 4, 1),
(3254, 340, 'Image 5', '', 'fb5.jpg', 333, 500, 'fb5', 5, 1),
(3255, 340, 'Image 6', '', 'fb6.jpg', 750, 500, 'fb6', 6, 1),
(3256, 340, 'Image 7', '', 'fb7.jpg', 333, 500, 'fb7', 7, 1),
(3257, 340, 'Image 8', '', 'fb8.jpg', 750, 500, 'fb8', 8, 1),
(3258, 340, 'Image 9', '', 'fb9.jpg', 333, 500, 'fb9', 9, 1),
(3259, 340, 'Image 10', '', 'fb10.jpg', 756, 500, 'fb10', 10, 1),
(3260, 340, 'Image 11', '', 'fb11.jpg', 750, 500, 'fb11', 11, 1),
(3261, 341, 'A Return to Giverny (1 of 10)', '', 'giverny01.jpg', 430, 499, 'a_return_to_giverny_001', 1, 1),
(3262, 341, 'A Return to Giverny (2 of 10)', '', 'green-trees.jpg', 750, 500, 'a_return_to_giverny_002', 2, 1),
(3263, 341, 'A Return to Giverny (3 of 10)', '', 'givernynew.jpg', 1675, 500, 'a_return_to_giverny_003', 3, 1),
(3264, 341, 'A Return to Giverny (4 of 10)', '', 'giverny1.jpg', 1126, 500, 'a_return_to_giverny_01', 4, 1),
(3265, 341, 'A Return to Giverny (5 of 10)', '', 'giverny2.jpg', 362, 500, 'a_return_to_giverny_02', 5, 1),
(3266, 341, 'A Return to Giverny (6 of 10)', '', 'giverny3.jpg', 904, 500, 'a_return_to_giverny_03', 6, 1),
(3267, 341, 'A Return to Giverny (7 of 4)', '', 'giverny4.jpg', 569, 500, 'a_return_to_giverny_04', 7, 1),
(3268, 341, 'A Return to Giverny (8 of 10)', '', 'giverny5.jpg', 817, 500, 'a_return_to_giverny_05', 8, 1),
(3269, 341, 'A Return to Giverny (9 of 10)', '', 'giverny6.jpg', 750, 500, 'a_return_to_giverny_06', 9, 1),
(3270, 341, 'A Return to Giverny (10 of 10)', '', 'giverny7.jpg', 750, 500, 'a_return_to_giverny_07', 10, 1),
(3271, 342, 'The Artist as Muse (1 of 28)', '', 'aam1.jpg', 430, 500, 'artist_as_muse_01', 1, 1),
(3272, 342, 'The Artist as Muse (2 of 28)', '', 'aam2.jpg', 427, 499, 'artist_as_muse_02', 2, 1),
(3273, 342, 'The Artist as Muse (3 of 28)', '', 'aam3.jpg', 435, 500, 'artist_as_muse_03', 3, 1),
(3274, 342, 'The Artist as Muse (4 of 28)', '', 'aam4.jpg', 344, 500, 'artist_as_muse_04', 4, 1),
(3275, 342, 'The Artist as Muse (5 of 28)', '', 'aam5.jpg', 752, 500, 'artist_as_muse_05', 5, 1),
(3276, 342, 'The Artist as Muse (6 of 28)', '', 'aam6.jpg', 333, 500, 'artist_as_muse_06', 6, 1),
(3277, 342, 'The Artist as Muse (7 of 28)', '', 'aam7.jpg', 690, 500, 'artist_as_muse_07', 7, 1),
(3278, 342, 'The Artist as Muse (8 of 28)', '', 'aam8.jpg', 690, 500, 'artist_as_muse_08', 8, 1),
(3279, 342, 'The Artist as Muse (9 of 28)', '', 'aam9.jpg', 696, 500, 'artist_as_muse_09', 9, 1),
(3280, 342, 'The Artist as Muse (10 of 28)', '', 'aam10.jpg', 689, 500, 'artist_as_muse_10', 10, 1),
(3281, 342, 'The Artist as Muse (11 of 28)', '', 'aam11.jpg', 697, 500, 'artist_as_muse_11', 11, 1),
(3282, 342, 'The Artist as Muse (12 of 28)', '', 'aam12.jpg', 353, 500, 'artist_as_muse_12', 12, 1),
(3283, 342, 'The Artist as Muse (13 of 28)', '', 'aam13.jpg', 679, 500, 'artist_as_muse_13', 13, 1),
(3284, 342, 'The Artist as Muse (14 of 28)', '', 'aam14.jpg', 752, 500, 'artist_as_muse_14', 14, 1),
(3285, 342, 'The Artist as Muse (15 of 28)', '', 'aam15.jpg', 332, 500, 'artist_as_muse_15', 15, 1),
(3286, 369, 'The Artist as Muse (16 of 28)', '', 'aam16.jpg', 429, 500, 'artist_as_muse_16', 16, 1),
(3287, 369, 'The Artist as Muse (17 of 28)', '', 'aam17.jpg', 337, 500, 'artist_as_muse_17', 17, 1),
(3288, 369, 'The Artist as Muse (18 of 28)', '', 'aam18.jpg', 737, 500, 'artist_as_muse_18', 18, 1),
(3289, 369, 'The Artist as Muse (19 of 28)', '', 'aam19.jpg', 339, 500, 'artist_as_muse_19', 19, 1),
(3290, 369, 'The Artist as Muse (20 of 28)', '', 'aam20.jpg', 736, 500, 'artist_as_muse_20', 20, 1),
(3291, 369, 'The Artist as Muse (21 of 28)', '', 'aam21.jpg', 335, 500, 'artist_as_muse_21', 21, 1),
(3292, 369, 'The Artist as Muse (22 of 28)', '', 'aam22.jpg', 339, 500, 'artist_as_muse_22', 22, 1),
(3293, 368, 'The Artist as Muse (23 of 28)', '', 'aam23.jpg', 428, 500, 'artist_as_muse_23', 23, 1),
(3294, 368, 'The Artist as Muse (24 of 28)', '', 'aam24.jpg', 741, 500, 'artist_as_muse_24', 24, 1),
(3295, 368, 'The Artist as Muse (25 of 28)', '', 'aam25.jpg', 733, 500, 'artist_as_muse_25', 25, 1),
(3296, 368, 'The Artist as Muse (26 of 28)', '', 'aam26.jpg', 330, 500, 'artist_as_muse_26', 26, 1),
(3297, 368, 'The Artist as Muse (27 of 28)', '', 'aam27.jpg', 338, 500, 'artist_as_muse_27', 27, 1),
(3298, 368, 'The Artist as Muse (28 of 28)', '', 'aam28.jpg', 497, 500, 'artist_as_muse_28', 28, 1),
(3299, 343, 'Stories From The Sea (1 of 6)', '', 'sea1.jpg', 432, 500, 'stories_from_the_sea_1', 1, 1),
(3300, 343, 'Stories From The Sea (2 of 6)', '', 'sea2.jpg', 811, 500, 'stories_from_the_sea_2', 2, 1),
(3301, 343, 'Stories From The Sea (3 of 6)', '', 'sea3.jpg', 733, 500, 'stories_from_the_sea_3', 3, 1),
(3302, 343, 'Stories From The Sea (4 of 6)', '', 'sea4.jpg', 735, 500, 'stories_from_the_sea_4', 4, 1),
(3303, 343, 'Stories From The Sea (5 of 6)', '', 'sea5.jpg', 1065, 500, 'stories_from_the_sea_5', 5, 1),
(3304, 343, 'Stories From The Sea (6 of 6)', '', 'sea6.jpg', 734, 500, 'stories_from_the_sea_6', 6, 1),
(3305, 344, '', '', 'tremblant1.jpg', 429, 500, 'tremblant1', 1, 1),
(3306, 344, '', '', 'tremblant2.jpg', 447, 500, 'tremblant2', 2, 1),
(3307, 344, '', '', 'tremblant_01.jpg', 735, 500, 'tremblant_01', 3, 1),
(3308, 344, 'Tremblant Multiples ( of 36)', '', 'tremblant_02.jpg', 735, 500, 'tremblant_02', 4, 1),
(3309, 344, 'Tremblant Multiples (3 of 36)', '', 'tremblant_03.jpg', 735, 500, 'tremblant_03', 5, 1),
(3310, 344, 'Tremblant Multiples (4 of 36)', '', 'tremblant_04.jpg', 735, 500, 'tremblant_04', 6, 1),
(3311, 344, 'Tremblant Multiples (5 of 36)', '', 'tremblant_05.jpg', 735, 500, 'tremblant_05', 7, 1),
(3312, 344, 'Tremblant Multiples (6 of 36)', '', 'tremblant_06.jpg', 735, 500, 'tremblant_06', 8, 1),
(3313, 344, 'Tremblant Multiples (7 of 36)', '', 'tremblant_07.jpg', 735, 500, 'tremblant_07', 9, 1),
(3314, 344, 'Tremblant Multiples (8 of 36)', '', 'tremblant_08.jpg', 735, 500, 'tremblant_08', 10, 1),
(3315, 344, 'Tremblant Multiples (9 of 36)', '', 'tremblant_09.jpg', 735, 500, 'tremblant_09', 11, 1),
(3316, 344, 'Tremblant Multiples (10 of 36)', '', 'tremblant_10.jpg', 735, 500, 'tremblant_10', 12, 1),
(3317, 344, 'Tremblant Multiples (11 of 36)', '', 'tremblant_11.jpg', 735, 500, 'tremblant_11', 13, 1),
(3318, 344, 'Tremblant Multiples (12 of 36)', '', 'tremblant_12.jpg', 735, 500, 'tremblant_12', 14, 1),
(3319, 344, 'Tremblant Multiples (13 of 36)', '', 'tremblant_14.jpg', 735, 500, 'tremblant_14', 15, 1),
(3320, 344, 'Tremblant Multiples (14 of 36)', '', 'tremblant_15.jpg', 735, 500, 'tremblant_15', 16, 1),
(3321, 344, 'Tremblant Multiples (15 of 36)', '', 'tremblant_16.jpg', 735, 500, 'tremblant_16', 17, 1),
(3322, 344, 'Tremblant Multiples (16 of 36)', '', 'tremblant_17.jpg', 735, 500, 'tremblant_17', 18, 1),
(3323, 344, 'Tremblant Multiples (17 of 36)', '', 'tremblant_18.jpg', 735, 500, 'tremblant_18', 19, 1),
(3324, 344, 'Tremblant Multiples (18 of 36)', '', 'tremblant_19.jpg', 735, 500, 'tremblant_19', 20, 1),
(3325, 344, 'Tremblant Multiples (19 of 36)', '', 'tremblant_20.jpg', 735, 500, 'tremblant_20', 21, 1),
(3326, 344, 'Tremblant Multiples (20 of 36)', '', 'tremblant_21.jpg', 735, 500, 'tremblant_21', 22, 1),
(3327, 344, 'Tremblant Multiples (21 of 36)', '', 'tremblant_22.jpg', 735, 500, 'tremblant_22', 23, 1),
(3328, 344, 'Tremblant Multiples (22 of 36)', '', 'tremblant_23.jpg', 735, 500, 'tremblant_23', 24, 1),
(3329, 344, 'Tremblant Multiples (23 of 36)', '', 'tremblant_24.jpg', 735, 500, 'tremblant_24', 25, 1),
(3330, 344, 'Tremblant Multiples (24 of 36)', '', 'tremblant_25.jpg', 735, 500, 'tremblant_25', 26, 1),
(3331, 344, 'Tremblant Multiples (25 of 36)', '', 'tremblant_26.jpg', 735, 500, 'tremblant_26', 27, 1),
(3332, 344, 'Tremblant Multiples (26 of 36)', '', 'tremblant_27.jpg', 735, 500, 'tremblant_27', 28, 1),
(3333, 344, 'Tremblant Multiples (27 of 36)', '', 'tremblant_28.jpg', 735, 500, 'tremblant_28', 29, 1),
(3334, 344, 'Tremblant Multiples (28 of 36)', '', 'tremblant_29.jpg', 735, 500, 'tremblant_29', 30, 1),
(3335, 344, 'Tremblant Multiples (29 of 36)', '', 'tremblant_30.jpg', 735, 500, 'tremblant_30', 31, 1),
(3336, 344, 'Tremblant Multiples (30 of 36)', '', 'tremblant_31.jpg', 735, 500, 'tremblant_31', 32, 1),
(3337, 344, 'Tremblant Multiples (31 of 36)', '', 'tremblant_32.jpg', 735, 500, 'tremblant_32', 33, 1),
(3338, 344, 'Tremblant Multiples (32 of 36)', '', 'tremblant_33.jpg', 735, 500, 'tremblant_33', 34, 1),
(3339, 344, 'Tremblant Multiples (33 of 36)', '', 'tremblant_34.jpg', 735, 500, 'tremblant_34', 35, 1),
(3340, 344, 'Tremblant Multiples (34 of 36)', '', 'tremblant_35.jpg', 735, 500, 'tremblant_35', 36, 1),
(3341, 344, 'Tremblant Multiples (35 of 36)', '', 'tremblant_36.jpg', 735, 500, 'tremblant_36', 37, 1),
(3342, 344, 'Tremblant Multiples (36 of 36)', '', 'tremblant_37.jpg', 735, 500, 'tremblant_37', 38, 1),
(3343, 345, 'Chisholm, MN (1 of 20)', '', 'chisholm1.jpg', 431, 500, 'chisholm_1', 1, 1),
(3344, 345, 'Chisholm, MN (2 of 20)', '', 'chisholm2.jpg', 340, 500, 'chisholm_2', 2, 1),
(3345, 345, 'Chisholm, MN (3 of 20)', '', 'chisholm3.jpg', 731, 500, 'chisholm_3', 3, 1),
(3346, 345, 'Chisholm, MN (4 of 20)', '', 'chisholm4.jpg', 339, 500, 'chisholm_4', 4, 1),
(3347, 345, 'Chisholm, MN (5 of 20)', '', 'chisholm5.jpg', 743, 500, 'chisholm_5', 5, 1),
(3348, 345, 'Chisholm, MN (6 of 20)', '', 'chisholm6.jpg', 731, 500, 'chisholm_6', 6, 1),
(3349, 345, 'Chisholm, MN (7 of 20)', '', 'chisholm7.jpg', 737, 500, 'chisholm_7', 7, 1),
(3350, 345, 'Chisholm, MN (8 of 20)', '', 'chisholm8.jpg', 336, 500, 'chisholm_8', 8, 1),
(3351, 345, 'Chisholm, MN (9 of 20)', '', 'chisholm9.jpg', 736, 500, 'chisholm_9', 9, 1),
(3352, 345, 'Chisholm, MN (10 of 20)', '', 'chisholm10.jpg', 707, 500, 'chisholm_10', 10, 1),
(3353, 345, 'Chisholm, MN (11 of 20)', '', 'chisholm11.jpg', 773, 500, 'chisholm_11', 11, 1),
(3354, 345, 'Chisholm, MN (12 of 20)', '', 'chisholm12.jpg', 332, 500, 'chisholm_12', 12, 1),
(3355, 345, 'Chisholm, MN (13 of 20)', '', 'chisholm13.jpg', 738, 500, 'chisholm_13', 13, 1),
(3356, 345, 'Chisholm, MN (14 of 20)', '', 'chisholm14.jpg', 735, 500, 'chisholm_14', 14, 1),
(3357, 345, 'Chisholm, MN (15 of 20)', '', 'chisholm15.jpg', 736, 500, 'chisholm_15', 15, 1),
(3358, 345, 'Chisholm, MN (16 of 20)', '', 'chisholm16.jpg', 337, 500, 'chisholm_16', 16, 1),
(3359, 345, 'Chisholm, MN (17 of 20)', '', 'chisholm17.jpg', 740, 500, 'chisholm_17', 17, 1),
(3360, 345, 'Chisholm, MN (18 of 20)', '', 'chisholm18.jpg', 733, 500, 'chisholm_18', 18, 1),
(3361, 345, 'Chisholm, MN (19 of 20)', '', 'chisholm19.jpg', 728, 500, 'chisholm_19', 19, 1),
(3362, 345, 'Chisholm, MN (20 of 20)', '', 'chisholm20.jpg', 341, 500, 'chisholm_20', 20, 1),
(3363, 346, 'Chisholm, MN (1 of 11)', '', 'dapperdan_1_4-copy.jpg', 303, 500, 'recent_fashion_editorials_1', 1, 1),
(3364, 346, 'Chisholm, MN (2 of 11)', '', 'dapperdan_1_33-copy.jpg', 330, 500, 'recent_fashion_editorials_2', 2, 1),
(3365, 346, 'Chisholm, MN (3 of 11)', '', 'dapperdan_1_13-copy.jpg', 319, 500, 'recent_fashion_editorials_3', 3, 1),
(3366, 346, 'Chisholm, MN (4 of 11)', '', 'dapperdan_3_24.jpg', 341, 500, 'recent_fashion_editorials_4', 4, 1),
(3367, 346, 'Chisholm, MN (5 of 11)', '', 'dapperdan_3_29-copy.jpg', 341, 500, 'recent_fashion_editorials_5', 5, 1),
(3368, 346, 'Chisholm, MN (6 of 11)', '', 'dapperdan_4_20-copy.jpg', 336, 500, 'recent_fashion_editorials_6', 6, 1),
(3369, 346, 'Chisholm, MN (7 of 11)', '', '1_32-copy.jpg', 737, 500, 'recent_fashion_editorials_7', 7, 1),
(3370, 346, 'Chisholm, MN (8 of 11)', '', '4_33-copy.jpg', 737, 500, 'recent_fashion_editorials_8', 8, 1),
(3371, 346, 'Chisholm, MN (9 of 11)', '', '7_2-copy.jpg', 745, 500, 'recent_fashion_editorials_9', 9, 1),
(3372, 346, 'Chisholm, MN (10 of 11)', '', '6_16-copy.jpg', 739, 500, 'recent_fashion_editorials_10', 10, 1),
(3373, 346, 'Chisholm, MN (11 of 11)', '', '7_32-copy.jpg', 336, 500, 'recent_fashion_editorials_11', 11, 1),
(3374, 347, 'Rodarte', 'Rodarte', 'r1.jpg', 386, 500, 'rodarte', 1, 1),
(3375, 347, 'Lanvin', 'Lanvin', 'l1.jpg', 379, 500, 'lanvin', 2, 1),
(3376, 347, 'Azzedine Alaia', 'Azzedine Alaia', 'aa_03.jpg', 753, 500, 'azzedine_alaia', 3, 1),
(3377, 347, 'Maria Cornejo', 'Maria Cornejo', 'mc1.jpg', 395, 500, 'maria_cornejo', 4, 1),
(3378, 347, 'Anne Valerie Hash', 'Anne Valerie Hash', 'av1.jpg', 707, 500, 'anne_valerie_hash', 5, 1),
(3379, 347, 'Gilles Rosier Homme', 'Gilles Rosier Homme', 'g5.jpg', 708, 500, 'gilles_rosier_homme', 6, 1),
(3380, 347, 'Helmut Lang', 'Helmut Lang', 'h1.jpg', 334, 500, 'helmut_lang', 7, 1),
(3381, 347, 'Yohji Yamamoto', 'Yohji Yamamoto', 'yy9.jpg', 331, 500, 'yohji_yamamoto', 8, 1),
(3382, 348, 'opera_01', '', 'opera_01.jpg', 1500, 500, 'opera_01', 1, 1),
(3383, 348, 'opera_02', '', 'opera_02.jpg', 4062, 500, 'opera_02', 2, 1),
(3384, 348, 'opera_03', '', 'opera_03.jpg', 554, 500, 'opera_03', 3, 1),
(3385, 348, 'opera_04', '', 'opera_04.jpg', 537, 500, 'opera_04', 4, 1),
(3386, 348, 'opera_05', '', 'opera_05.jpg', 556, 500, 'opera_05', 5, 1),
(3387, 348, 'opera_06', '', 'opera_06.jpg', 718, 500, 'opera_06', 6, 1),
(3388, 348, 'opera_07', '', 'opera_07.jpg', 545, 500, 'opera_07', 7, 1),
(3389, 348, 'opera_08', '', 'opera_08.jpg', 453, 500, 'opera_08', 8, 1),
(3390, 349, '', '', 'nyc1.jpg', 679, 500, 'nyc1', 1, 1),
(3391, 349, '', '', 'nyc2.jpg', 679, 500, 'nyc2', 2, 1),
(3392, 349, '', '', 'nyc3.jpg', 679, 500, 'nyc3', 3, 1),
(3393, 349, '', '', 'nyc4.jpg', 679, 500, 'nyc4', 4, 1),
(3394, 349, '', '', 'nyc5.jpg', 679, 500, 'nyc5', 5, 1),
(3395, 349, '', '', 'nyc6.jpg', 679, 500, 'nyc6', 6, 1),
(3396, 349, '', '', 'nyc7.jpg', 679, 500, 'nyc7', 7, 1),
(3398, 350, 'Giambattista Valli (1 of 6)', '', 'gv_02.jpg', 333, 500, 'giambattista_valli_02', 1, 1),
(3399, 350, 'Giambattista Valli (3 of 6)', '', 'gv_03.jpg', 333, 500, 'giambattista_valli_03', 3, 1),
(3400, 350, 'Giambattista Valli (4 of 6)', '', 'gv_04.jpg', 750, 500, 'giambattista_valli_04', 4, 1),
(3401, 350, 'Giambattista Valli (5 of 6)', '', 'gv_05.jpg', 333, 500, 'giambattista_valli_05', 5, 1),
(3402, 350, 'Giambattista Valli (6 of 6)', '', 'gv_06.jpg', 333, 500, 'giambattista_valli_06', 6, 1),
(3403, 350, 'Valentino (1 of 7)', '', 'valentino_01.jpg', 313, 500, 'valentino_01', 7, 1),
(3404, 350, 'Valentino (2 of 7)', '', 'valentino_02.jpg', 726, 500, 'valentino_02', 8, 1),
(3405, 350, 'Valentino (3 of 7)', '', 'valentino_03.jpg', 750, 500, 'valentino_03', 9, 1),
(3406, 350, 'Valentino (4 of 7)', '', 'valentino_04.jpg', 673, 500, 'valentino_04', 10, 1),
(3407, 350, 'Valentino (5 of 7)', '', 'valentino_05.jpg', 333, 500, 'valentino_05', 11, 1),
(3408, 350, 'Valentino (6 of 7)', '', 'valentino_06.jpg', 750, 500, 'valentino_06', 12, 1),
(3409, 350, 'Valentino (7 of 7)', '', 'valentino_07.jpg', 750, 500, 'valentino_07', 13, 1),
(3410, 350, 'Moncler Gamme Rouge (1 of 3)', '', 'moncler1.jpg', 1001, 500, 'moncler_1', 14, 1),
(3411, 350, 'Moncler Gamme Rouge (2 of 3)', '', 'moncler2.jpg', 1040, 500, 'moncler_2', 15, 1),
(3412, 350, 'Moncler Gamme Rouge (3 of 3)', '', 'moncler3.jpg', 1040, 500, 'moncler_3', 16, 1),
(3413, 350, 'Lancome Tresor (1 of 3)', '', 'lancome00.jpg', 368, 500, 'lancome_00', 17, 1),
(3414, 350, 'Lancome Tresor (2 of 3)', '', 'lancome01.jpg', 750, 500, 'lancome_02', 18, 1),
(3415, 350, 'Lancome Tresor (3 of 3)', '', 'lancome02.jpg', 750, 500, 'lancome_03', 19, 1),
(3416, 351, '', '', 'ad1.jpg', 758, 500, 'ad1', 1, 1),
(3417, 351, '', '', 'ad2.jpg', 751, 500, 'ad2', 2, 1),
(3418, 351, '', '', 'ad3.jpg', 330, 500, 'ad3', 3, 1),
(3419, 351, '', '', 'ad4.jpg', 759, 500, 'ad4', 4, 1),
(3420, 351, '', '', 'ad5.jpg', 329, 500, 'ad5', 5, 1),
(3421, 351, '', '', 'ad6.jpg', 1467, 500, 'ad6', 6, 1),
(3422, 351, '', '', 'ad7.jpg', 658, 500, 'ad7', 7, 1),
(3423, 351, '', '', 'ad8.jpg', 746, 500, 'ad8', 8, 1),
(3424, 351, '', '', 'ad9.jpg', 760, 500, 'ad9', 9, 1),
(3425, 351, '', '', 'ad10.jpg', 764, 500, 'ad10', 10, 1),
(3426, 351, '', '', 'ad11.jpg', 1498, 500, 'ad11', 11, 1),
(3427, 351, '', '', 'ad12.jpg', 753, 500, 'ad12', 12, 1),
(3428, 351, '', '', 'ad13.jpg', 757, 500, 'ad13', 13, 1),
(3429, 351, '', '', 'ad14.jpg', 757, 500, 'ad14', 14, 1),
(3430, 351, '', '', 'ad15.jpg', 749, 500, 'ad15', 15, 1),
(3431, 351, '', '', 'ad16.jpg', 764, 500, 'ad16', 16, 1),
(3432, 351, '', '', 'ad17.jpg', 709, 500, 'ad17', 17, 1),
(3433, 351, '', '', 'ad18.jpg', 716, 500, 'ad18', 18, 1),
(3434, 351, '', '', 'ad19.jpg', 733, 500, 'ad19', 19, 1),
(3435, 351, '', '', 'ad20.jpg', 752, 500, 'ad20', 20, 1),
(3436, 351, '', '', 'ad21.jpg', 735, 500, 'ad21', 21, 1),
(3437, 351, '', '', 'ad22.jpg', 769, 500, 'ad22', 22, 1),
(3438, 351, '', '', 'ad23.jpg', 773, 500, 'ad23', 23, 1),
(3439, 351, '', '', 'ad24.jpg', 764, 500, 'ad24', 24, 1),
(3440, 351, '', '', 'ad25.jpg', 331, 500, 'ad25', 25, 1),
(3441, 351, '', '', 'ad26.jpg', 775, 500, 'ad26', 26, 1),
(3442, 351, '', '', 'ad27.jpg', 759, 500, 'ad27', 27, 1),
(3443, 351, '', '', 'ad28.jpg', 757, 500, 'ad28', 28, 1),
(3444, 351, '', '', 'ad29.jpg', 765, 500, 'ad29', 29, 1),
(3445, 351, '', '', 'ad30.jpg', 748, 500, 'ad30', 30, 1),
(3446, 351, '', '', 'ad31.jpg', 759, 500, 'ad31', 31, 1),
(3447, 351, '', '', 'ad32.jpg', 767, 500, 'ad32', 32, 1),
(3448, 351, '', '', 'ad33.jpg', 755, 500, 'ad33', 33, 1),
(3449, 351, '', '', 'ad34.jpg', 327, 500, 'ad34', 34, 1),
(3450, 351, '', '', 'ad35.jpg', 319, 500, 'ad35', 35, 1),
(3451, 351, '', '', 'ad36.jpg', 760, 500, 'ad36', 36, 1),
(3452, 351, '', '', 'ad37.jpg', 1394, 500, 'ad37', 37, 1),
(3558, 365, '', NULL, 'mcqueen_3.jpg', 883, 540, 'alexander_mcqueen_3', 3, 1),
(3456, 353, '', '', 'ha5.jpg', 750, 500, 'ha5', 3, 1),
(3457, 353, '', '', 'ha6.jpg', 345, 500, 'ha6', 4, 1),
(3458, 353, '', '', 'ha7.jpg', 750, 500, 'ha7', 5, 1),
(3459, 353, '', '', 'ha8.jpg', 602, 500, 'ha8', 6, 1),
(3460, 353, '', '', 'ha9.jpg', 706, 500, 'ha9', 7, 1),
(3461, 353, '', '', 'ha10.jpg', 750, 500, 'ha10', 8, 1),
(3462, 353, '', '', 'ha11.jpg', 334, 500, 'ha11', 9, 1),
(3463, 353, '', '', 'ha12.jpg', 750, 500, 'ha12', 10, 1),
(3464, 353, '', '', 'ha13.jpg', 699, 500, 'ha13', 11, 1),
(3465, 353, '', '', 'ha14.jpg', 750, 500, 'ha14', 12, 1),
(3466, 353, '', '', 'ha15.jpg', 334, 500, 'ha15', 13, 1),
(3467, 353, '', '', 'ha16.jpg', 752, 500, 'ha16', 14, 1),
(3468, 353, '', '', 'ha17.jpg', 391, 500, 'ha17', 15, 1),
(3469, 353, '', '', 'ha18.jpg', 750, 500, 'ha18', 16, 1),
(3470, 353, '', '', 'ha19.jpg', 750, 500, 'ha19', 17, 1),
(3471, 353, '', '', 'ha20.jpg', 750, 500, 'ha20', 18, 1),
(3472, 353, '', '', 'ha21.jpg', 750, 500, 'ha21', 19, 1),
(3473, 354, '', '', 'comme001_blur.jpg', 333, 500, 'comme001_blur', 1, 1),
(3474, 354, '', '', 'comme002_blur.jpg', 750, 500, 'comme002_blur', 2, 1),
(3475, 354, '', '', 'comme003_blur.jpg', 750, 500, 'comme003_blur', 3, 1),
(3476, 354, '', '', 'comme004_blur.jpg', 750, 500, 'comme004_blur', 4, 1),
(3477, 354, '', '', 'comme005_blur.jpg', 750, 500, 'comme005_blur', 5, 1),
(3478, 354, '', '', 'comme006_blur.jpg', 750, 500, 'comme006_blur', 6, 1),
(3479, 354, '', '', 'comme007_blur.jpg', 750, 500, 'comme007_blur', 7, 1),
(3480, 354, '', '', 'comme008_blur.jpg', 750, 500, 'comme008_blur', 8, 1),
(3481, 354, '', '', 'comme009_blur.jpg', 750, 500, 'comme009_blur', 9, 1),
(3482, 354, '', '', 'comme010_blur.jpg', 750, 500, 'comme010_blur', 10, 1),
(3483, 355, '', '', 'undercover_01.jpg', 750, 500, 'undercover_01', 1, 1),
(3484, 355, '', '', 'undercover_02.jpg', 561, 500, 'undercover_02', 2, 1),
(3485, 355, '', '', 'undercover_03.jpg', 750, 500, 'undercover_03', 3, 1),
(3486, 355, '', '', 'undercover_04.jpg', 334, 500, 'undercover_04', 4, 1),
(3487, 355, '', '', 'undercover_05.jpg', 750, 500, 'undercover_05', 5, 1),
(3488, 355, '', '', 'undercover_06.jpg', 750, 500, 'undercover_06', 6, 1),
(3489, 355, '', '', 'undercover_07.jpg', 750, 500, 'undercover_07', 7, 1),
(3490, 355, '', '', 'undercover_08.jpg', 334, 500, 'undercover_08', 8, 1),
(3491, 355, '', '', 'undercover_09.jpg', 334, 500, 'undercover_09', 9, 1),
(3492, 355, '', '', 'undercover_10.jpg', 750, 500, 'undercover_10', 10, 1),
(3493, 355, '', '', 'undercover_11.jpg', 767, 500, 'undercover_11', 11, 1),
(3494, 355, '', '', 'undercover_12.jpg', 750, 500, 'undercover_12', 12, 1),
(3495, 355, '', '', 'undercover_13.jpg', 750, 500, 'undercover_13', 13, 1),
(3496, 355, '', '', 'undercover_14.jpg', 750, 500, 'undercover_14', 14, 1),
(3497, 355, '', '', 'undercover_15.jpg', 750, 500, 'undercover_15', 15, 1),
(3498, 355, '', '', 'undercover_16.jpg', 750, 500, 'undercover_16', 16, 1),
(3499, 355, '', '', 'undercover_17.jpg', 334, 500, 'undercover_17', 17, 1),
(3500, 356, 'dries_01', '', 'dries_01.jpg', 750, 500, 'dries_01', 1, 1),
(3501, 356, 'dries_02', '', 'dries_02.jpg', 347, 500, 'dries_02', 2, 1),
(3502, 356, 'dries_03', '', 'dries_03.jpg', 750, 500, 'dries_03', 3, 1),
(3503, 356, 'dries_04', '', 'dries_04.jpg', 750, 500, 'dries_04', 4, 1),
(3504, 356, 'dries_05', '', 'dries_05.jpg', 750, 500, 'dries_05', 5, 1),
(3505, 356, 'dries_06', '', 'dries_06.jpg', 356, 500, 'dries_06', 6, 1),
(3506, 356, 'dries_07', '', 'dries_07.jpg', 750, 500, 'dries_07', 7, 1),
(3507, 356, 'dries_08', '', 'dries_08.jpg', 836, 500, 'dries_08', 8, 1),
(3508, 357, 'Rodarte: Image 1', '', 'Rodarte_01.jpg', 500, 750, 'Rodarte_01', 1, 1),
(3509, 357, 'Rodarte: Image 2', '', 'Rodarte_02.jpg', 750, 500, 'Rodarte_02', 2, 1),
(3510, 357, 'Rodarte: Image 3', '', 'Rodarte_03.jpg', 750, 500, 'Rodarte_03', 3, 1),
(3511, 357, 'Rodarte: Image 4', '', 'Rodarte_04.jpg', 750, 500, 'Rodarte_04', 4, 1),
(3512, 357, 'Rodarte: Image 5', '', 'Rodarte_05.jpg', 750, 500, 'Rodarte_05', 5, 1),
(3513, 357, 'Rodarte: Image 6', '', 'Rodarte_06.jpg', 500, 750, 'Rodarte_06', 6, 1),
(3514, 357, 'Rodarte: Image 7', '', 'Rodarte_07.jpg', 750, 500, 'Rodarte_07', 7, 1),
(3515, 357, 'Rodarte: Image 8', '', 'Rodarte_08.jpg', 303, 500, 'Rodarte_08', 8, 1),
(3516, 357, 'Rodarte: Image 9', '', 'Rodarte_09.jpg', 659, 500, 'Rodarte_09', 9, 1),
(3517, 357, 'Rodarte: Image 10', '', 'Rodarte_10.jpg', 750, 500, 'Rodarte_10', 10, 1),
(3518, 357, 'Rodarte: Image 11', '', 'Rodarte_11.jpg', 750, 500, 'Rodarte_11', 11, 1),
(3519, 359, '', '', 'v1.jpg', 471, 500, 'v1', 1, 1),
(3520, 359, '', '', 'v2.jpg', 328, 500, 'v2', 2, 1),
(3521, 359, '', '', 'v3.jpg', 325, 500, 'v3', 3, 1),
(3522, 359, '', '', 'v4.jpg', 365, 500, 'v4', 4, 1),
(3523, 359, '', '', 'v5.jpg', 322, 500, 'v5', 5, 1),
(3524, 359, '', '', 'v6.jpg', 334, 500, 'v6', 6, 1),
(3525, 359, '', '', 'v7.jpg', 330, 500, 'v7', 7, 1),
(3526, 359, '', '', 'v8.jpg', 329, 500, 'v8', 8, 1),
(3527, 359, '', '', 'v9.jpg', 327, 500, 'v9', 9, 1),
(3528, 359, '', '', 'v10.jpg', 310, 500, 'v10', 10, 1),
(3529, 359, '', '', 'v11.jpg', 325, 500, 'v11', 11, 1),
(3530, 359, '', '', 'v12.jpg', 333, 500, 'v12', 12, 1),
(3531, 359, '', '', 'v13.jpg', 319, 500, 'v13', 13, 1),
(3532, 359, '', '', 'v14.jpg', 330, 500, 'v14', 14, 1),
(3533, 359, '', '', 'v15.jpg', 319, 500, 'v15', 15, 1),
(3534, 359, '', '', 'v16.jpg', 334, 500, 'v16', 16, 1),
(3536, 361, '', '', 'Lacroix_01.jpg', 750, 500, 'Lacroix_01', 1, 1),
(3537, 361, '', '', 'Lacroix_02.jpg', 750, 500, 'Lacroix_02', 2, 1),
(3538, 361, '', '', 'Lacroix_03.jpg', 333, 500, 'Lacroix_03', 3, 1),
(3539, 361, '', '', 'Lacroix_04.jpg', 661, 500, 'Lacroix_04', 4, 1),
(3540, 361, '', '', 'Lacroix_05.jpg', 347, 500, 'Lacroix_05', 5, 1),
(3541, 361, '', '', 'Lacroix_06.jpg', 333, 500, 'Lacroix_06', 6, 1),
(3542, 361, '', '', 'Lacroix_07.jpg', 333, 500, 'Lacroix_07', 7, 1),
(3543, 361, '', '', 'Lacroix_08.jpg', 333, 500, 'Lacroix_08', 8, 1),
(3544, 362, '', '', 'gaultier_2.jpg', 333, 500, 'gaultier_2', 1, 1),
(3545, 362, '', '', 'gaultier_3.jpg', 333, 500, 'gaultier_3', 2, 1),
(3546, 362, '', '', 'gaultier_4.jpg', 333, 500, 'gaultier_4', 3, 1),
(3547, 362, '', '', 'gaultier_5.jpg', 333, 500, 'gaultier_5', 4, 1),
(3548, 362, '', '', 'gaultier_6.jpg', 333, 500, 'gaultier_6', 5, 1),
(3549, 362, '', '', 'gaultier_7.jpg', 333, 500, 'gaultier_7', 6, 1),
(3550, 362, '', '', 'gaultier_8.jpg', 333, 500, 'gaultier_8', 7, 1),
(3551, 362, '', '', 'gaultier_9.jpg', 333, 500, 'gaultier_9', 8, 1),
(3552, 362, '', '', 'gaultier_10.jpg', 333, 500, 'gaultier_10', 9, 1),
(3553, 362, '', '', 'gaultier_11.jpg', 386, 500, 'gaultier_11', 10, 1),
(3554, 362, '', '', 'gaultier_12.jpg', 333, 500, 'gaultier_12', 11, 1),
(3555, 362, '', '', 'gaultier_13.jpg', 683, 500, 'gaultier_13', 12, 1),
(3559, 366, '', NULL, 'w_magazine_1.jpg', 893, 540, 'w_magazine_1', 1, 1),
(3560, 366, '', NULL, 'w_magazine_2.jpg', 819, 540, 'w_magazine_2', 2, 1),
(3561, 366, '', NULL, 'w_magazine_3.jpg', 810, 540, 'w_magazine_3', 3, 1),
(3562, 366, '', NULL, 'w_magazine_4.jpg', 360, 540, 'w_magazine_4', 4, 1),
(3564, 366, '', NULL, 'w_magazine_5.jpg', 810, 540, 'w_magazine_5', 5, 1),
(3565, 366, '', NULL, 'w_magazine_6.jpg', 823, 540, 'w_magazine_6', 6, 1),
(3566, 365, '', NULL, 'mcqueen_4.jpg', 883, 540, 'alexander_mcqueen_4', 4, 1),
(3567, 370, 'M / LeMonde', NULL, 'lemonde1.jpg', 441, 540, 'lemonde_1', 1, 1),
(3568, 370, 'M / LeMonde', NULL, 'lemonde2.jpg', 894, 540, 'lemonde_2', 2, 1),
(3569, 370, 'M / LeMonde', NULL, 'lemonde3.jpg', 443, 540, 'lemonde_3', 3, 1),
(3570, 363, '', NULL, 'time_1.jpg', 447, 540, 'time_magazine_1', 6, 1),
(3571, 363, '', NULL, 'time_2.jpg', 447, 540, 'time_magazine_2', 5, 1),
(3572, 363, '', NULL, 'time_3.jpg', 447, 540, 'time_magazine_3', 4, 1),
(3573, 363, '', NULL, 'time_4.jpg', 447, 540, 'time_magazine_4', 3, 1),
(3574, 363, '', NULL, 'time_5.jpg', 447, 540, 'time_magazine_5', 2, 1),
(3575, 363, '', NULL, 'time_6.jpg', 445, 540, 'time_magazine_6', 1, 1),
(3576, 358, 'Etro Homme', NULL, 'Etro_01.jpg', 333, 500, 'Etro_01', 1, 1),
(3577, 358, 'Etro Homme', NULL, 'Etro_02.jpg', 750, 500, 'Etro_02', 2, 1),
(3578, 358, 'Etro Homme', NULL, 'Etro_03.jpg', 333, 500, 'Etro_03', 3, 1),
(3579, 358, 'Etro Homme', NULL, 'Etro_04.jpg', 750, 500, 'Etro_04', 4, 1),
(3580, 358, 'Etro Homme', NULL, 'Etro_05.jpg', 333, 500, 'Etro_05', 5, 1),
(3581, 358, 'Etro Homme', NULL, 'Etro_06.jpg', 333, 500, 'Etro_06', 6, 1),
(3582, 358, 'Etro Homme', NULL, 'Etro_07.jpg', 333, 500, 'Etro_07', 7, 1),
(3583, 364, 'Dries Van Noten', NULL, 'Dries_01.jpg', 810, 540, 'Dries_01', 1, 1),
(3584, 364, 'Dries Van Noten', NULL, 'Dries_02.jpg', 358, 540, 'Dries_02', 2, 1),
(3585, 364, 'Dries Van Noten', NULL, 'Dries_03.jpg', 810, 540, 'Dries_03', 3, 1),
(3586, 364, 'Dries Van Noten', NULL, 'Dries_04.jpg', 676, 540, 'Dries_04', 4, 1),
(3587, 364, 'Dries Van Noten', NULL, 'Dries_05.jpg', 360, 540, 'Dries_05', 5, 1),
(3588, 364, 'Dries Van Noten', NULL, 'Dries_06.jpg', 810, 540, 'Dries_06', 6, 1),
(3589, 364, 'Dries Van Noten', NULL, 'Dries_07.jpg', 360, 540, 'Dries_07', 7, 1),
(3590, 364, 'Dries Van Noten', NULL, 'Dries_08.jpg', 363, 540, 'Dries_08', 8, 1),
(3591, 321, '', 'Diane Von Furstenberg', 'diane_von_furstenberg.jpg', 360, 540, 'diane_von_furstenberg', 3, 1);

-- --------------------------------------------------------

--
-- Table structure for table `news`
--

DROP TABLE IF EXISTS `news`;
CREATE TABLE IF NOT EXISTS `news` (
  `id` int(11) NOT NULL AUTO_INCREMENT,
  `title` varchar(255) NOT NULL,
  `target` varchar(100) DEFAULT NULL,
  `url` varchar(255) DEFAULT NULL,
  `style` text,
  `theOrder` int(11) DEFAULT NULL,
  `isActive` tinyint(1) NOT NULL DEFAULT '1',
  `date_added` datetime NOT NULL,
  `date_created` timestamp NOT NULL DEFAULT CURRENT_TIMESTAMP ON UPDATE CURRENT_TIMESTAMP,
  PRIMARY KEY (`id`)
) ENGINE=InnoDB  DEFAULT CHARSET=latin1 AUTO_INCREMENT=8 ;

--
-- Dumping data for table `news`
--

INSERT INTO `news` (`id`, `title`, `target`, `url`, `style`, `theOrder`, `isActive`, `date_added`, `date_created`) VALUES
(1, 'Time Magazine Style and Design Issue', '_self', 'artists/time_magazine', NULL, 1, 1, '2013-02-06 08:45:24', '2013-02-22 17:10:43'),
(2, 'Dries Van Noten', '_self', 'artists/dries_van_noten', NULL, 2, 1, '2013-02-06 08:45:24', '2013-02-22 17:10:55'),
(3, 'Alexander McQueen', '_self', 'artists/harpers_alexander_mcqueen', NULL, 3, 1, '2013-02-06 08:45:24', '2013-02-22 17:10:53'),
(4, 'Etro Exhibition', '_self', 'artists/etro_2013', NULL, 4, 1, '2013-02-06 08:45:24', '2013-02-22 17:10:51'),
(5, 'Mary Katrantzou', '_self', 'artists/mary_katrantzou_SS13', NULL, 5, 1, '2013-02-06 08:45:24', '2013-02-22 17:10:49'),
(6, 'W Magazine Art Issue', '_self', 'artists/w_magazine', NULL, 6, 1, '2013-02-06 08:45:24', '2013-02-22 17:10:47'),
(7, 'Le Monde Cover', '_self', 'artists/m_le_monde', NULL, 7, 1, '2013-02-06 08:45:24', '2013-02-22 17:10:45');

-- --------------------------------------------------------

--
-- Table structure for table `press`
--

DROP TABLE IF EXISTS `press`;
CREATE TABLE IF NOT EXISTS `press` (
  `id` int(11) NOT NULL AUTO_INCREMENT,
  `title` text NOT NULL,
  `description` text NOT NULL,
  `footer_text` text NOT NULL,
  `url` text NOT NULL,
  `theOrder` int(11) DEFAULT NULL,
  `isActive` tinyint(1) NOT NULL DEFAULT '1',
  `date_added` datetime DEFAULT NULL,
  `date_updated` timestamp NOT NULL DEFAULT CURRENT_TIMESTAMP ON UPDATE CURRENT_TIMESTAMP,
  PRIMARY KEY (`id`)
) ENGINE=InnoDB  DEFAULT CHARSET=latin1 AUTO_INCREMENT=10 ;

--
-- Dumping data for table `press`
--

INSERT INTO `press` (`id`, `title`, `description`, `footer_text`, `url`, `theOrder`, `isActive`, `date_added`, `date_updated`) VALUES
(1, '2013 ICP Infinity Award', 'On May 1st, 2013, Erik Madigan Heck will be awarded with one of the highest\r\nhonors in the photography world, the ICP Infinity Award, for the applied\r\nfashion and advertising category. Erik follows in the footsteps of such\r\ngreat photographers as Annie Leibovitz, Philip-Lorca di Corcia, Bruce\r\nWeber, David Lachapelle, and Inez Van Lamsweerde and Vinoodh Matadin. ', 'Click here to visit the ICP Infinity Awards'' website', 'http://www.icp.org/support-icp/infinity-awards', 1, 1, '2013-02-05 09:51:09', '2013-02-20 15:20:48'),
(2, 'W magazine''s the shot recipient', 'In the November 2012 issue marking its 40th anniversary, W is introducing an \nannual feature called "The Shot," which seeks to identify and support the \nnext generation of stars in fashion photography. The issue includes a portfolio \nof six emerging photographers whom its editors, in a partnership with the \nInternational Center of Photography, have identified as "exhilarating new talents."\nErik Madigan Heck was named as one of the six, and his work featured in the \nNovember issue of W Magazine, as well as in the New York Times.', 'Click here to read the article on the New York Times'' website', 'http://www.nytimes.com/2012/10/11/fashion/w-magazine-plans-contest-for-fashion-photographers.html?_r=1&', 2, 1, '2013-02-05 09:51:09', '2013-02-22 20:17:54'),
(3, 'the avant garde diaries exhibition', 'For the past three years, the 29-year-old photographer Erik Madigan Heck \nhas been quietly composing a series of idiosyncratic and seductive Kodak \nSuper-8 short films that combine fashion and music. Collaborating with \ndesigners like Ann Demeulemeester and A.F. Vandevorst, with music by \nArvo P&auml;rt and Marsen Jules, these aren''t your typical glammy or voguishly \nwashed-out fashion spots. Heck''s world is moody, delicate, elusive, and \nalluring. For one week beginning September 6, 2012, The Avant/Garde Diaries \nis extremely pleased to present a public screening of these works for the very \nfirst time. Projected onto panels in the floor-to-ceiling windows of our downtown \nNYC project space, the short films are experimental juxtapositions of fashion \ndesign, melody, and rhythm. The series includes work spanning from a 2009 \ncollaboration with Ann Demeulmeester to another with A.F. Vandevorst where \nHeck commissioned a quartet of cellists to rearrange an Arvo P&auml;rt composition \nwhile wearing the designer''s collection. We are thrilled have Erik Madigan Heck \ncontribute to The Avant/Garde Dairies continuing mission to share our project \nspace as a hive for creative exchange and cross-disciplinary innovation.', 'Click here to visit the Avant Garde Diaries'' website', 'http://www.theavantgardediaries.com/en/article/186//164', 3, 1, '2013-02-05 09:51:09', '2013-02-22 20:18:19'),
(4, 'Interview Magazine', 'A student of philosophy and literature, the 28-year-old New York photographer \nErik Madigan Heck draws from a range of romantic inspirations&mdash;from Bohemian \npoets and Impressionist painters to the rugged landscapes of his native Minnesota. \nIt''s this unusual perspective and a vivid, haunting aesthetic that has won him both \ndisciples and champions the world over, from art world heavyweights (Christian \nBoltanski, Lawrence Weiner, Kiki Smith) to prominent fashion designers (the \nBelgians in particular) and leading figures in the arenas of contemporary music \nand dance. To see one of Heck''s photographs is to witness a holistic universe, \nas any one image may comprise of analog photography fused with digital images, \nsurrealist sets painted by his own hand, and layers of meaning that rarely surface \nat first glance. His films are no less profound.<BR><BR>\n\nAfter publishing a bevy of projects through his title Nomenus Quarterly and through \nthe journal I edit, A Magazine Curated By, Heck became the youngest photographer \nto shoot Neiman Marcus'' Art of Fashion campaign for Fall Winter 2012, following in \nthe footsteps of Richard Avedon and Norma Jean Roy. Riding on the back of this \nwindfall campaign Heck opens a week-long video exhibition at 372 Broome St. in \nSoHo this evening, showing six short films from his archive and a seventh new work \ndedicated to his friend and collaborator, the Belgian designer Ann Demeulemeester. \n"It''s a gift for Ann," said Heck, "I called it ''The End'' to reflect our own death and that \nof film as a medium. It''s a continuous dream sequence with layers of the ocean, clouds, \nrunning horses, and men, all interweaved into a disintegrating loop." <BR><BR>\n\nOpening with a quote by the poet Lacroix, a voiceover in Demeulemeester''s native \nFlemish floats over the black and white frames, as the silhouettes of New York models \nMarcel Castenmiller and Lyle Lodwick fade in and out of Heck''s Super 8mm slides. \nAs installations on glass, all seven films can be seen from the street, and include three \nNeiman Marcus-commissioned fashion pieces, and "Fratres fur A.F. Vandevorst," a 2009 \ncollaboration with the Estonian composer Arvo P&auml;rt.', 'Click here to read the article on Interview Magazine''s website', 'http://www.interviewmagazine.com/fashion/the-end-is-the-beginning-for-erik-madison-heck/#_', 4, 1, '2013-02-05 09:51:09', '2013-02-22 20:13:02'),
(5, 'WWD', 'The Art of Fashion, Neiman Marcus'' campaign for 20 years, romances cutting-edge \nfashion with provocative photography. And by selecting 28-year-old Erik Madigan Heck \nas the photographer for the fall campaign, the tradition is upheld. "We wanted to pair up \nthis season''s exquisite fashions with a true creative visionary," said Eddie Nunns, \nvice president, Neiman Marcus brand creative. "Erik Madigan Heck''s work blurs the \nlines between photography and art, and through his illustrative approach he created \nstunning images that differentiate this campaign from any other."\n<BR><BR>\nHeck, from Excelsior, Minn., is the youngest photographer to shoot the Art of Fashion, \nwhich in previous years was shot by Richard Avedon, Arthur Elgort, Helmut Newton, \nAnnie Leibovitz, Lillian Bassman and Paolo Roversi, among others. Two original \nMadigan Heck prints from The Art of Fashion portfolio will be auctioned Oct. 20 to \nsupport the Two x Two for Aids charity for amfAR and the Dallas Museum of Art''s \nContemporary Art Acquisitions Fund. Madigan Heck also shot a trio of short fashion \nfilms that will appear on NMdaily.com.', 'Click here to read the article on WWD''s website', 'http://www.wwd.com/media-news/media-features/photographer-erik-madigan-heck-pushes-boundaries-3233627', 5, 1, '2013-02-05 09:51:09', '2013-02-05 16:34:29'),
(6, 'Forbes', 'Erik Madigan Heck is named as one of 2011''s top 30 under 30 professionals by \nForbes Magazine.', 'Click here to read the article on Forbe''s website', 'http://www.forbes.com/pictures/mkl45ffim/erik-madigan-heck-photographer-filmmaker-art-director-28/', 6, 1, '2013-02-05 09:50:28', '2013-02-05 16:03:06'),
(7, 'american photo', 'In a world where digital after-effects routinely underpin stunning photographs, \nErik Madigan Heck is an anomaly. Though many of his images shot for high-fashion \nclients such as Comme des Gar&#231;ons, Rodarte and Ann Demeulemeester appear to be \naltered in Photoshop, they are almost always souped up the old-fashioned way\nin the camera or the darkroom. Take the colors in the photo for British designer \nFelicity Brown. "I shot in the New York Botanical Garden and in the \ndarkroom added a gel everywhere but on the model so that the forest went red," \nHeck says.\n<BR><BR>\nFrom the start of his career, prior to receiving a master''s in photography, \nfilm and related studies from Parsons the New School for Design, the towering \n28-year-old knew how he wanted to proceed. "I moved to Paris, met some small \ndesigners and began shooting directly for them," he recalls. "I wanted to cut out \nthe middle man and be the art director as well as the photographer."\n<BR><BR>\nHeck''s working methods also demonstrate his independent streak. He eschews \nstrobes and rarely shoots digitally. He even pooh-poohs test Polaroids, which \nwould help ensure the usability of images captured with his 15-year-old, all-manual, \n35mm Canon EOS 630. "I show up for a job with just a little bag," he says with a smile. \n"Some people get nervous, and some people think it''s funny. I tell people that they''re \nhiring me because they know my work and they shouldn''t mess with my shtick. \nI also remind them they''re saving money because I don''t roll up with 1,000 lights \nand four assistants."\n<BR><BR>\nStill, shooting without a digital safety net has its dodgy moments. He recalls one from \nan assignment for designer Haider Ackermann in Florence, Italy, inside the 17th-century \nPalazzo Corsini. During the shoot, clouds rolled across the Tuscan sky, changing the \nlighting conditions every 10 minutes. "I was a little scared," Heck admits, "because they \nhad flown me halfway around the world. But I like that suspense." He feels the lag \nrequired for developing and printing film is also a positive. "I think it''s good for the \nclient to wait two days before seeing images," he says. "By then they have disassociated \nthemselves from the day of shooting and look at the photos more clearly."\n<BR><BR>\nDespite his penchant for low-tech detailing, Heck works hard to keep darkroom \nrazzle-dazzle from defining him. Instead, he tries to be a chameleon, crafting each shot \nto the client''s needs. This approach has led him to solarize a portrait of artist \nGerhard Richter, to flip and manually rebuild a still from La Traviata for the \nMetropolitan Opera and, for Japanese designer Jun Takahashi, to create an \nupdated take on Weegee''s famous crime-scene photos&mdash;complete with smears \nof fake blood and real bullets narrowly missing pricey sneakers and pants.\n<BR><BR>\nPressed for more details about how he juices his shots, Heck politely demurs in the \ninterest of maintaining the mystery. "But I will say this," he allows: "It is not as hard \nas it looks. And it''s more fun than Photoshop. It''s more of a science experiment."', 'Click here to read the article on American Photo''s website', 'http://www.americanphotomag.com/article/2011/10/wild-style', 7, 1, '2013-02-05 09:49:49', '2013-02-22 20:18:25'),
(8, 'PDN 30 award', 'Erik Madigan Heck has been awarded with the prestigious PDN 30 award for \nhis excellence in photography by Photo District News Magazine.', 'Click here to read the article on PDN''s website', 'http://www.pdnonline.com/pdn/features/PDN-APRIL-2011-2022.shtml', 8, 1, '2013-02-05 09:49:49', '2013-02-22 20:13:18'),
(9, 'The New Yorker', 'Erik Madigan Heck was already well familiar with Daphne Guinness''s work when he \ntook the assignment to photograph her for Rebecca Mead''s profile in this week''s Style \nIssue. "She has done so much for fashion from a philanthropic stance, and for fashion \nhistory with her new show at FIT, the McQueen show at the Met, and so on," Heck told me. \n"With my portrait work I try to capture very straightforward glimpses of people, and with \nDaphne, it''s nice, because normally you see her posing for the camera, and this one is \nher just being her."\n\nHeck began shooting fashion when he was twenty-one. "I was always interested in how \nfashion brought the world together on one stage," he said. "Every six months you could \nhear voices from all around the world on the runway." But when he''s looking for inspiration, \nhe turns to art. "Paintings make me think more abstractly about my photographs," he said. \n"They aren''t as limited as photographs are&mdash;they are physically built rather than taken, \nso to speak. They help me think about how I can expand my work before I create it."\n\nHeck recently published his first book, "January to August." Here''s a selection of his \nfashion work over the years.\n', 'Click here to read the article on The New Yorker''s website', 'http://www.newyorker.com/online/blogs/photobooth/2011/09/erik-madigan-heck.html', 9, 1, '2013-02-05 09:49:49', '2013-02-05 16:37:26');

/*!40101 SET CHARACTER_SET_CLIENT=@OLD_CHARACTER_SET_CLIENT */;
/*!40101 SET CHARACTER_SET_RESULTS=@OLD_CHARACTER_SET_RESULTS */;
/*!40101 SET COLLATION_CONNECTION=@OLD_COLLATION_CONNECTION */;
